storyNum,name,source,retelling
75922,ForgottenCelebration,"We were equals, once. 
 
 Our charges celebrated me, just as they feared my brother. They loved me, as they loathed him. We were two sides of the same coin. 
 
 Over time, that changed. 
 
 People feared him. He grew in power, grew in their minds. They forgot about me in their preoccupation with avoiding him. No one celebrated me anymore. They turned their backs on me. 
 
 So I turned my back on them. 
 
 As my brother gained more and more power, it became harder and harder for them to avoid him. He claimed more and more lives, which in turn increased his power even more. I could not make my presence felt; births were no longer celebrated. Birthdays became a way not to celebrate me, but to celebrate another year of dodging my brother. 
 
 I should never have left. 
 
 I'm afraid it's too late. In my haste, in my angst, I could n't see the effect my absence would have. I'm not sure there's anything I can do now. I'm afraid he may have too strong a hold on the lives of the people, the lives that used to be under my protection. There's only one thing I can beg of you now. Remember me. It's our only hope to lessen my brother's hold on the world. 
 
 Celebrate Life.
"," From the perspective of ""our charges"", the inhabitants of the shared realm, let us tell our tale.

At first, we lived under the watchful eyes of two beings: one, a figure representing Life with her gentle touch; the other, a being embodying Death with his icy gaze. Both were powerful, both were feared, yet they held us in their equal sway.

But as time flowed like the river's current, it was Death who grew bolder and stronger. His presence cast a long shadow over Life's once radiant light. Our fear of him consumed us, and we began to ignore the soft whispers of Life that had always been our companion.

As Life withdrew, leaving behind an empty space, the void echoed with our silence. We lost sight of her, as she receded into the distance, swallowed by the darkness that Death cast over us. Our hearts ached for her warmth, but fear kept us bound to the oppressive grip of Death.

In the world now ruled by Death, we lived in constant dread and anticipation of what was yet to come. His power grew with each passing moment, his reach stretching into every corner of our realm. Life's laughter faded into a distant memory, replaced by Death's cold, unyielding grasp.

Yet, even in the depths of despair, we could feel Life's faint presence lingering on the edges of our consciousness, pleading for remembrance. We longed to break free from Death's hold and return to the days when Life was as real and tangible as the air we breathed.

In this tale, we are not passive observers but active participants. We feel the weight of death pressing down on us, we hear the echoes of life whispering her forgotten songs, and we carry with us the hope that one day, she will return to guide us back from the darkness into the light."
